{
    "rmse": 0.6937179526950727,
    "mae": 0.5539927712927383,
    "r2": 0.2681803560044963
}