{
    "rmse": 0.6863007343347421,
    "mae": 0.5368028894816391,
    "r2": 0.271102981190384
}