{
    "rmse": 0.6934559115453688,
    "mae": 0.5371942251516191,
    "r2": 0.28557257278678005
}