{
    "rmse": 0.6808947925424451,
    "mae": 0.5402464636260573,
    "r2": 0.25426672133760475
}