{
    "rmse": 0.6674151238591516,
    "mae": 0.5170874278427287,
    "r2": 0.33326905020816255
}