{
    "rmse": 0.6501668778880214,
    "mae": 0.5225024338171584,
    "r2": 0.277406890422808
}